mcsa_id,pdb_chain,pdb_site_active,site_active
2,1btl_A,"70,73,130,166,234,237","45,48,105,141,209,212"
15,1znb_A,"99,101,103,162,181,184,193,223","78,80,82,141,160,163,172,202"
71,1eug_A,"64,66,77,187","60,62,73,183"
98,1bsz_C,"1045,1050,1090,1091,1132,1133,1136","45,50,90,91,132,133,136"
109,1d3g_A,"145,149,215,217,218,255,284","113,117,183,185,186,219,248"
148,1onr_A,"17,96,132,156,178","16,95,131,155,177"
151,1q0n_A,"82,92,95,97","82,92,95,97"
160,1ako_A,"7,34,151,153,229,258,259","7,34,151,153,229,258,259"
164,1ruv_A,"12,41,119,120,121","12,41,119,120,121"
174,9pap_A,"19,25,159,175","19,25,159,175"
216,1ca2_A,"64,94,96,106,119,199","61,91,93,103,116,195"
252,1igs_A,"51,53,110,159,180,210,211","50,52,109,158,179,209,210"
257,1xx2_A,"64,67,150,272,315,318","63,66,149,271,314,317"
258,1sml_A,"84,86,88,89,160,191,225","83,85,87,88,159,190,224"
290,1zio_A,"13,88,127,160,171","13,88,127,160,171"
328,1lbm_A,"7,126","7,126"
351,1snz_A,"107,176,307","109,178,309"
362,1d6o_A,"26,36,37,56,82,99","26,36,37,56,82,99"
376,1a4l_A,"15,17,214,217,238,295","12,14,211,214,235,292"
394,1aj0_A,"221,255","221,255"
444,1cel_A,"212,214,217,228","211,213,216,227"
462,1pnt_A,"12,15,17,18,19,129","12,15,17,18,19,129"
467,1cv2_A,"38,108,109,132,272","35,105,106,129,269"
480,1czf_A,"180,201,202,223,256,258","153,174,175,196,229,231"
597,1uch_A,"89,95,169,184","85,91,145,160"
681,1gq8_A,"113,135,136,157,225","112,134,135,156,224"
693,2rnf_A,"12,40,116","13,41,117"
749,1nml_A,114,114
814,1glo_A,"19,25,164,184","19,25,164,184"
858,1mrq_A,"50,55,84,117","50,55,84,117"
877,1pbg_A,"160,375","160,361"
908,1rtu_A,"41,62,85,101","41,62,85,101"
923,2acy_A,"23,41","23,41"
931,2pth_A,"20,68,93,114","20,68,93,114"
